-- locations
INSERT INTO public.locations (id, address, category, latitude, logo_url, longitude)
VALUES (1, null, 'global', 0, null, 0);
INSERT INTO public.locations (id, address, category, latitude, logo_url, longitude)
VALUES (3, 'Józefa Rostafińskiego 4, 30-072 Kraków', 'club', 50.06799,
        'https://www.lodplanner.com/wp-content/uploads/AGH-University-of-Science-and-Technology-Logo.png', 19.90543);
INSERT INTO public.locations (id, address, category, latitude, logo_url, longitude)
VALUES (4, 'Władysława Reymonta 17, 30-072 Kraków', 'club', 50.06572,
        'https://www.lodplanner.com/wp-content/uploads/AGH-University-of-Science-and-Technology-Logo.png', 19.91559);
INSERT INTO public.locations (id, address, category, latitude, logo_url, longitude)
VALUES (5, 'Józefa Rostafińskiego 10, 30-072 Kraków', 'club', 50.06931,
        'https://www.lodplanner.com/wp-content/uploads/AGH-University-of-Science-and-Technology-Logo.png', 19.90576);
INSERT INTO public.locations (id, address, category, latitude, logo_url, longitude)
VALUES (6, 'Juliana Tokarskiego 1, 30-065 Kraków', 'dormitory', 50.06947,
        'https://www.lodplanner.com/wp-content/uploads/AGH-University-of-Science-and-Technology-Logo.png', 19.90289);
INSERT INTO public.locations (id, address, category, latitude, logo_url, longitude)
VALUES (7, 'Józefa Rostafińskiego 9, 30-072 Kraków', 'dormitory', 50.06891,
        'https://www.lodplanner.com/wp-content/uploads/AGH-University-of-Science-and-Technology-Logo.png', 19.90429);
INSERT INTO public.locations (id, address, category, latitude, logo_url, longitude)
VALUES (8, 'Józefa Rostafińskiego 11, 30-072 Kraków', 'dormitory', 50.06925,
        'https://www.lodplanner.com/wp-content/uploads/AGH-University-of-Science-and-Technology-Logo.png', 19.90485);
INSERT INTO public.locations (id, address, category, latitude, logo_url, longitude)
VALUES (9, 'Józefa Rostafińskiego 2, 30-072 Kraków', 'dormitory', 50.06749,
        'https://www.lodplanner.com/wp-content/uploads/AGH-University-of-Science-and-Technology-Logo.png', 19.90501);
INSERT INTO public.locations (id, address, category, latitude, logo_url, longitude)
VALUES (10, 'Witolda Budryka 2, 30-072 Kraków', 'dormitory', 50.06774,
        'https://www.lodplanner.com/wp-content/uploads/AGH-University-of-Science-and-Technology-Logo.png', 19.90711);
INSERT INTO public.locations (id, address, category, latitude, logo_url, longitude)
VALUES (11, 'Witolda Budryka 7, 30-072 Kraków', 'dormitory', 50.06868,
        'https://www.lodplanner.com/wp-content/uploads/AGH-University-of-Science-and-Technology-Logo.png', 19.90692);
INSERT INTO public.locations (id, address, category, latitude, logo_url, longitude)
VALUES (12, 'Witolda Budryka 1, 30-072 Kraków', 'dormitory', 50.06744,
        'https://www.lodplanner.com/wp-content/uploads/AGH-University-of-Science-and-Technology-Logo.png', 19.90615);
INSERT INTO public.locations (id, address, category, latitude, logo_url, longitude)
VALUES (13, 'Witolda Budryka 9, 30-072 Kraków', 'dormitory', 50.06912,
        'https://www.lodplanner.com/wp-content/uploads/AGH-University-of-Science-and-Technology-Logo.png', 19.90695);
INSERT INTO public.locations (id, address, category, latitude, logo_url, longitude)
VALUES (14, 'Kawiory 41, 30-055 Kraków', 'restaurant', 50.06859,
        'https://www.lodplanner.com/wp-content/uploads/AGH-University-of-Science-and-Technology-Logo.png', 19.90991);
INSERT INTO public.locations (id, address, category, latitude, logo_url, longitude)
VALUES (15, 'Kawiory 26, 30-055 Kraków', 'restaurant', 50.06768,
        'https://www.lodplanner.com/wp-content/uploads/AGH-University-of-Science-and-Technology-Logo.png', 19.91186);
INSERT INTO public.locations (id, address, category, latitude, logo_url, longitude)
VALUES (16, 'Kawiory 21, 30-055 Kraków', 'restaurant', 50.06804,
        'https://www.lodplanner.com/wp-content/uploads/AGH-University-of-Science-and-Technology-Logo.png', 19.91259);
INSERT INTO public.locations (id, address, category, latitude, logo_url, longitude)
VALUES (17, 'Józefa Rostafińskiego 11, 30-072 Kraków', 'restaurant', 50.06934,
        'https://www.lodplanner.com/wp-content/uploads/AGH-University-of-Science-and-Technology-Logo.png', 19.90488);
INSERT INTO public.locations (id, address, category, latitude, logo_url, longitude)
VALUES (18, 'al. Adama Mickiewicza 30, 30-059 Kraków', 'faculty', 50.06594,
        'https://www.lodplanner.com/wp-content/uploads/AGH-University-of-Science-and-Technology-Logo.png', 19.91879);
INSERT INTO public.locations (id, address, category, latitude, logo_url, longitude)
VALUES (19, 'Władysława Reymonta, 30-050 Kraków', 'faculty', 50.06581,
        'https://www.lodplanner.com/wp-content/uploads/AGH-University-of-Science-and-Technology-Logo.png', 19.91719);
INSERT INTO public.locations (id, address, category, latitude, logo_url, longitude)
VALUES (20, 'Kawiory 21, 30-055 Kraków', 'faculty', 50.06802,
        'https://www.lodplanner.com/wp-content/uploads/AGH-University-of-Science-and-Technology-Logo.png', 19.91264);
INSERT INTO public.locations (id, address, category, latitude, logo_url, longitude)
VALUES (21, 'Czarnowiejska 70, 30-054 Kraków', 'faculty', 50.06743,
        'https://www.lodplanner.com/wp-content/uploads/AGH-University-of-Science-and-Technology-Logo.png', 19.91652);
INSERT INTO public.locations (id, address, category, latitude, logo_url, longitude)
VALUES (2, 'Witolda Budryka 4, 30-072 Kraków', 'club', 50.06804,
        'https://www.lodplanner.com/wp-content/uploads/AGH-University-of-Science-and-Technology-Logo.png', 19.90829);
INSERT INTO public.locations (id, address, category, latitude, logo_url, longitude)
VALUES (22, 'Czarnowiejska 84, 30-054 Kraków', 'restaurant', 50.06735,
        'https://www.restauracje-jedzenie-online.pl/img/logo_tcom/ali-baba-kebab-krakow-krakow.png', 19.91452);

--locations_details
INSERT INTO public.locations_details (id, last_modified_date, opening_hours, phone_number, timestamp, website_url)
VALUES (16, '2023-10-21 22:27:50.000000', 'sob-ndz  closed
pon-pt  09:00–17:00', '511 414 545', '2023-10-21 22:27:50.000000', 'https://restauracjakavior.pl/');
INSERT INTO public.locations_details (id, last_modified_date, opening_hours, phone_number, timestamp, website_url)
VALUES (13, '2023-10-21 22:27:50.000000', 'Open 24 hours a day', '12 617 37 29', '2023-10-21 22:27:50.000000',
        'http://www.miasteczko.agh.edu.pl/');
INSERT INTO public.locations_details (id, last_modified_date, opening_hours, phone_number, timestamp, website_url)
VALUES (12, '2023-10-21 22:27:50.000000', 'Open 24 hours a day', '12 617 37 33', '2023-10-21 22:27:50.000000',
        'http://www.miasteczko.agh.edu.pl/');
INSERT INTO public.locations_details (id, last_modified_date, opening_hours, phone_number, timestamp, website_url)
VALUES (4, '2023-10-21 22:27:50.000000', 'Opening hours depending on the event', '123', '2023-10-21 22:27:50.000000',
        'http://www.klubgwarek.pl/');
INSERT INTO public.locations_details (id, last_modified_date, opening_hours, phone_number, timestamp, website_url)
VALUES (2, '2023-10-21 22:27:50.000000', '12:00–00:00', '12 617 45 45', '2023-10-21 22:27:50.000000',
        'https://www.klubstudio.pl/');
INSERT INTO public.locations_details (id, last_modified_date, opening_hours, phone_number, timestamp, website_url)
VALUES (10, '2023-10-21 22:27:50.000000', 'Open 24 hours a day', '12 617 38 13', '2023-10-21 22:27:50.000000',
        'http://www.miasteczko.agh.edu.pl/');
INSERT INTO public.locations_details (id, last_modified_date, opening_hours, phone_number, timestamp, website_url)
VALUES (6, '2023-10-21 22:27:50.000000', 'Open 24 hours a day', '126173703', '2023-10-21 22:27:50.000000',
        'http://www.miasteczko.agh.edu.pl/');
INSERT INTO public.locations_details (id, last_modified_date, opening_hours, phone_number, timestamp, website_url)
VALUES (20, '2023-10-21 22:27:50.000000', '06:00–22:00', '123283400', '2023-10-21 22:27:50.000000',
        'http://www.ki.agh.edu.pl/');
INSERT INTO public.locations_details (id, last_modified_date, opening_hours, phone_number, timestamp, website_url)
VALUES (19, '2023-10-21 22:27:50.000000', null, '12 617 20 66', '2023-10-21 22:27:50.000000',
        'https://weip.agh.edu.pl/');
INSERT INTO public.locations_details (id, last_modified_date, opening_hours, phone_number, timestamp, website_url)
VALUES (21, '2023-10-21 22:27:50.000000', null, '12 617 35 86', '2023-10-21 22:27:50.000000',
        'https://www.wms.agh.edu.pl/');
INSERT INTO public.locations_details (id, last_modified_date, opening_hours, phone_number, timestamp, website_url)
VALUES (17, '2023-10-21 22:27:50.000000', 'sob-ndz 12:00–18:00
pon-pt  10:00–18:00', null, '2023-10-21 22:27:50.000000',
        'https://stoowka-studencka-pod-lewiatanem.business.site/?utm_source=gmb&utm_medium=referral');
INSERT INTO public.locations_details (id, last_modified_date, opening_hours, phone_number, timestamp, website_url)
VALUES (9, '2023-10-21 22:27:50.000000', 'Open 24 hours a day', '12 617 37 08', '2023-10-21 22:27:50.000000',
        'http://www.miasteczko.agh.edu.pl/');
INSERT INTO public.locations_details (id, last_modified_date, opening_hours, phone_number, timestamp, website_url)
VALUES (5, '2023-10-21 22:27:50.000000', '12:00–01:00', '126174646', '2023-10-21 22:27:50.000000',
        'http://www.klubfilutek.pl/');
INSERT INTO public.locations_details (id, last_modified_date, opening_hours, phone_number, timestamp, website_url)
VALUES (18, '2023-10-21 22:27:50.000000', 'sob-ndz closed
pon-pt  07:30–15:30', '12 617 30 50', '2023-10-21 22:27:50.000000', 'https://imir.agh.edu.pl/');
INSERT INTO public.locations_details (id, last_modified_date, opening_hours, phone_number, timestamp, website_url)
VALUES (11, '2023-10-21 22:27:50.000000', 'Open 24 hours a day', '12 617 37 10', '2023-10-21 22:27:50.000000',
        'http://www.miasteczko.agh.edu.pl/');
INSERT INTO public.locations_details (id, last_modified_date, opening_hours, phone_number, timestamp, website_url)
VALUES (3, '2023-10-21 22:27:50.000000', 'Opening hours depending on the event', '', '2023-10-21 22:27:50.000000',
        'http://www.klubzascianek.pl/');
INSERT INTO public.locations_details (id, last_modified_date, opening_hours, phone_number, timestamp, website_url)
VALUES (7, '2023-10-21 22:27:50.000000', 'Open 24 hours a day', '12 617 37 20', '2023-10-21 22:27:50.000000',
        'http://www.miasteczko.agh.edu.pl/');
INSERT INTO public.locations_details (id, last_modified_date, opening_hours, phone_number, timestamp, website_url)
VALUES (8, '2023-10-21 22:27:50.000000', 'Open 24 hours a day', '12 617 37 02', '2023-10-21 22:27:50.000000',
        'http://www.miasteczko.agh.edu.pl/');
INSERT INTO public.locations_details (id, last_modified_date, opening_hours, phone_number, timestamp, website_url)
VALUES (15, '2023-10-21 22:27:50.000000', 'sob.  13:00–22:00
ndz.  13:00–22:00
pon.  12:30–20:30
wt.	  12:30–22:00
śr.	  12:30–22:00
czw.  12:30–22:00
pt.	  12:30–22:00', '888 448 449', '2023-10-21 22:27:50.000000', 'stickyfingers.krakow.pl');
INSERT INTO public.locations_details (id, last_modified_date, opening_hours, phone_number, timestamp, website_url)
VALUES (22, '2023-11-25 21:39:48.000000', '08:00–02:00', null, '2023-11-25 21:40:16.000000',
        'https://www.facebook.com/p/Ali-Baba-Kebab-Krakow-100075863066447/');
INSERT INTO public.locations_details (id, last_modified_date, opening_hours, phone_number, timestamp, website_url)
VALUES (14, '2023-10-21 22:27:50.000000', '8:00-17:00', '572057777', '2023-10-21 22:27:50.000000',
        'https://www.77sushi.com/krakow-kawiory');

--location_details_photos
INSERT INTO public.location_details_photos (location_details_id, photos)
VALUES (2, 'https://www.klubstudio.pl/images/about-plyta.jpg');
INSERT INTO public.location_details_photos (location_details_id, photos)
VALUES (2, 'https://www.czestobud.com/wp-content/uploads/2022/05/Rectangle-65.jpg');
INSERT INTO public.location_details_photos (location_details_id, photos)
VALUES (20, 'https://upload.wikimedia.org/wikipedia/commons/9/95/Krakow_AGH_D-17.jpg');
INSERT INTO public.location_details_photos (location_details_id, photos)
VALUES (20, 'https://upload.wikimedia.org/wikipedia/commons/9/95/Krakow_AGH_D-17.jpg');
INSERT INTO public.location_details_photos (location_details_id, photos)
VALUES (3, 'https://pik.krakow.pl/wp-content/uploads/2019/01/Klub_Zascianek_Krakow.jpg');
INSERT INTO public.location_details_photos (location_details_id, photos)
VALUES (3, 'https://www.ebilet.pl/media/cms/media/5928/zascianek_px_l.webp');
INSERT INTO public.location_details_photos (location_details_id, photos)
VALUES (4, 'https://lh3.googleusercontent.com/p/AF1QipOlBjxguTgg8W6bHpVQZ7Tz40-_XOBkCCfycAOf=s1360-w1360-h1020');
INSERT INTO public.location_details_photos (location_details_id, photos)
VALUES (4, 'https://lh3.googleusercontent.com/p/AF1QipONGLzMPwTRZ0VzALzGnxZPFeU5QpkUB9pnZndf=s1360-w1360-h1020');
INSERT INTO public.location_details_photos (location_details_id, photos)
VALUES (5, 'https://lh3.googleusercontent.com/p/AF1QipOry39s2eMsTIt077QQe6isZ5Hco769zBTHBZ8B=s1360-w1360-h1020');
INSERT INTO public.location_details_photos (location_details_id, photos)
VALUES (5, 'https://lh3.googleusercontent.com/p/AF1QipNd04gA0HSaZqsjTQcGFhe1lJngrl9iBg4c3DMI=s1360-w1360-h1020');
INSERT INTO public.location_details_photos (location_details_id, photos)
VALUES (6, 'https://lh3.googleusercontent.com/p/AF1QipO1mEabuyJJZtUnldz6MB4GleuU35Au7um0ABRB=s1360-w1360-h1020');
INSERT INTO public.location_details_photos (location_details_id, photos)
VALUES (6, 'https://lh3.googleusercontent.com/p/AF1QipPmGsDJKCXmTHOqqAx6sU-hWNziCjWUhmn8W8BB=s1360-w1360-h1020');
INSERT INTO public.location_details_photos (location_details_id, photos)
VALUES (10, 'https://www.miasteczko.agh.edu.pl/uploads/images/domy/ds14.jpg');
INSERT INTO public.location_details_photos (location_details_id, photos)
VALUES (9, 'https://www.miasteczko.agh.edu.pl/uploads/images/domy/ds8.jpg');
INSERT INTO public.location_details_photos (location_details_id, photos)
VALUES (8, 'https://www.miasteczko.agh.edu.pl/uploads/images/domy/ds2.jpg');
INSERT INTO public.location_details_photos (location_details_id, photos)
VALUES (7, 'https://www.miasteczko.agh.edu.pl/uploads/images/domy/ds1.jpg');
INSERT INTO public.location_details_photos (location_details_id, photos)
VALUES (11, 'https://www.miasteczko.agh.edu.pl/uploads/images/domy/ds10.jpg');
INSERT INTO public.location_details_photos (location_details_id, photos)
VALUES (12, 'https://www.miasteczko.agh.edu.pl/uploads/images/domy/ds13.jpg');
INSERT INTO public.location_details_photos (location_details_id, photos)
VALUES (13, 'https://www.miasteczko.agh.edu.pl/uploads/images/domy/ds9.jpg');
INSERT INTO public.location_details_photos (location_details_id, photos)
VALUES (14, 'https://lh3.googleusercontent.com/p/AF1QipMD7uxvWnN8b0N_0z4WozF_43ectMgvpNICstU=s1360-w1360-h1020');
INSERT INTO public.location_details_photos (location_details_id, photos)
VALUES (14, 'https://lh3.googleusercontent.com/p/AF1QipP3ibu19q6HHODWvLhqmcfOA2mQV_iBbrqc3Yw=s1360-w1360-h1020');
INSERT INTO public.location_details_photos (location_details_id, photos)
VALUES (15, 'https://lh3.googleusercontent.com/p/AF1QipNVIrO3mC8z47DVlOLN8JvClmNI6GhqsIrzSxw=s1360-w1360-h1020');
INSERT INTO public.location_details_photos (location_details_id, photos)
VALUES (15, 'https://lh3.googleusercontent.com/p/AF1QipMwCp9wLRs_nA1upVr-SMwLNoJbi6eWUgudhjU=s1360-w1360-h1020');
INSERT INTO public.location_details_photos (location_details_id, photos)
VALUES (18, 'https://lh3.googleusercontent.com/p/AF1QipPhpIN5odvpdEYjkjg5MzqWSbZ5RzSCT0I-FjtH=s1360-w1360-h1020');
INSERT INTO public.location_details_photos (location_details_id, photos)
VALUES (21, 'https://lh3.googleusercontent.com/p/AF1QipM-day-CgqazwNk1fR-iz5SaPAyhtQWyTj9VYnT=s1360-w1360-h1020');
INSERT INTO public.location_details_photos (location_details_id, photos)
VALUES (22, 'https://www.restauracje-jedzenie-online.pl/img/logo_tcom/ali-baba-kebab-krakow-krakow.png');
INSERT INTO public.location_details_photos (location_details_id, photos)
VALUES (22, 'https://lh5.googleusercontent.com/p/AF1QipNXKGFx1ZOUKuU4wzW5oH-A569V6bSydtzoNOme=w408-h544-k-no');

--location_details_description_translations
INSERT INTO public.location_details_description_translations (location_details_id, description_translations,
                                                              description_translations_key)
VALUES (2, 'Klub studencki w Krakowie administrowany przez Fundację Studentów i Absolwentów AGH „Academica”', 'pl');
INSERT INTO public.location_details_description_translations (location_details_id, description_translations,
                                                              description_translations_key)
VALUES (2,
        'Student club in Krakow administered by the AGH University of Science and Technology Students and Graduates Foundation „Academica”',
        'en');
INSERT INTO public.location_details_description_translations (location_details_id, description_translations,
                                                              description_translations_key)
VALUES (3,
        'Klub Zaścianek to krakowska legenda. Na scenie klubu występują liczni artyści z muzyką pełną rockowych brzmień – tych balladowych, punk rockowych, a także black metalowych. Na scenie klubu swoją przygodę z muzyką rozpoczynało wielu artystów m.in. IRA czy ',
        'pl');
INSERT INTO public.location_details_description_translations (location_details_id, description_translations,
                                                              description_translations_key)
VALUES (3,
        'Zascianek Club is a Krakow legend. Many artists perform on the club''s stage with music full of rock sounds - ballad, punk rock and black metal. Many artists started their adventure with music on the club''s stage, including: IRA or Coma.',
        'en');
INSERT INTO public.location_details_description_translations (location_details_id, description_translations,
                                                              description_translations_key)
VALUES (5,
        'Klub FILUTEK na Miasteczku Studenckim AGH jest idealnym miejscem na spotkania z przyjaciółmi. W ofercie klubu znajduje się dziesięć rodzajów pizzy, kilka rodzajów kawy, szeroka gama drinków oraz przekąski, takie jak foccacia czy paluchy serowe. Atutem Fil',
        'pl');
INSERT INTO public.location_details_description_translations (location_details_id, description_translations,
                                                              description_translations_key)
VALUES (5,
        'The FILUTEK Club at the AGH Student Campus is an ideal place to meet friends. The club''s offer includes ten types of pizza, several types of coffee, a wide range of drinks and snacks such as foccacia and cheese sticks. Filutek''s advantage is its decor, th',
        'en');
INSERT INTO public.location_details_description_translations (location_details_id, description_translations,
                                                              description_translations_key)
VALUES (14, 'Bardzo smaczne sushi!', 'pl');
INSERT INTO public.location_details_description_translations (location_details_id, description_translations,
                                                              description_translations_key)
VALUES (14, 'Very tasty sushi!', 'en');
INSERT INTO public.location_details_description_translations (location_details_id, description_translations,
                                                              description_translations_key)
VALUES (6, 'DS 3 - jeden z akademików na miasteczku akademickim AGH.', 'pl');
INSERT INTO public.location_details_description_translations (location_details_id, description_translations,
                                                              description_translations_key)
VALUES (6, 'DS 3 - one of the dormitories at the AGH campus.', 'en');
INSERT INTO public.location_details_description_translations (location_details_id, description_translations,
                                                              description_translations_key)
VALUES (10, 'DS 14 - jeden z akademików na miasteczku akademickim AGH.', 'pl');
INSERT INTO public.location_details_description_translations (location_details_id, description_translations,
                                                              description_translations_key)
VALUES (10, 'DS 14 - one of the dormitories at the AGH campus.', 'en');
INSERT INTO public.location_details_description_translations (location_details_id, description_translations,
                                                              description_translations_key)
VALUES (8, 'DS 2 - jeden z akademików na miasteczku akademickim AGH.', 'pl');
INSERT INTO public.location_details_description_translations (location_details_id, description_translations,
                                                              description_translations_key)
VALUES (8, 'DS 2 - one of the dormitories at the AGH campus.', 'en');
INSERT INTO public.location_details_description_translations (location_details_id, description_translations,
                                                              description_translations_key)
VALUES (7, 'DS 1 - jeden z akademików na miasteczku akademickim AGH.', 'pl');
INSERT INTO public.location_details_description_translations (location_details_id, description_translations,
                                                              description_translations_key)
VALUES (7, 'DS 1 - one of the dormitories at the AGH campus.', 'en');
INSERT INTO public.location_details_description_translations (location_details_id, description_translations,
                                                              description_translations_key)
VALUES (20, 'Główny budynek Wydziału Informatyki - D17.', 'pl');
INSERT INTO public.location_details_description_translations (location_details_id, description_translations,
                                                              description_translations_key)
VALUES (20, 'The main building of the Faculty of Computer Science - D17.', 'en');
INSERT INTO public.location_details_description_translations (location_details_id, description_translations,
                                                              description_translations_key)
VALUES (17, 'Bardzo popularna stołówka dla studentów z korzystnymi cenami i bogatą ofertą obiadową.', 'pl');
INSERT INTO public.location_details_description_translations (location_details_id, description_translations,
                                                              description_translations_key)
VALUES (17, 'A very popular canteen for students with affordable prices and a wide lunch offer.', 'en');
INSERT INTO public.location_details_description_translations (location_details_id, description_translations,
                                                              description_translations_key)
VALUES (18, 'Główny budynek Wydziału Inżynierii Mechanicznej i Robotyki.', 'pl');
INSERT INTO public.location_details_description_translations (location_details_id, description_translations,
                                                              description_translations_key)
VALUES (18, 'The main building of the Faculty of Mechanical enineering and Robotics.', 'en');
INSERT INTO public.location_details_description_translations (location_details_id, description_translations,
                                                              description_translations_key)
VALUES (21, 'Główny budynek Wydziału Matematyki Stosowanej - B-7.', 'pl');
INSERT INTO public.location_details_description_translations (location_details_id, description_translations,
                                                              description_translations_key)
VALUES (21, 'Main building of the Faculty of Applied Mathematics - B-7.', 'en');
INSERT INTO public.location_details_description_translations (location_details_id, description_translations,
                                                              description_translations_key)
VALUES (22, 'Bardzo popularny i tani kebab obok Wydziału Informatyki. Studenci to uwielbiają!', 'pl');
INSERT INTO public.location_details_description_translations (location_details_id, description_translations,
                                                              description_translations_key)
VALUES (22, 'A very popular and cheap kebab next to the Faculty of Computer Science. Students love it!', 'en');

--location_name_translations
INSERT INTO public.location_name_translations (location_id, name_translations, name_translations_key)
VALUES (2, 'Klub Studio', 'pl');
INSERT INTO public.location_name_translations (location_id, name_translations, name_translations_key)
VALUES (2, 'Studio Club', 'en');
INSERT INTO public.location_name_translations (location_id, name_translations, name_translations_key)
VALUES (3, 'Klub Zaścianek', 'pl');
INSERT INTO public.location_name_translations (location_id, name_translations, name_translations_key)
VALUES (3, 'Zascianek Club', 'en');
INSERT INTO public.location_name_translations (location_id, name_translations, name_translations_key)
VALUES (4, 'Klub Gwarek', 'pl');
INSERT INTO public.location_name_translations (location_id, name_translations, name_translations_key)
VALUES (4, 'Gwarek Club', 'en');
INSERT INTO public.location_name_translations (location_id, name_translations, name_translations_key)
VALUES (5, 'Klub Filutek', 'pl');
INSERT INTO public.location_name_translations (location_id, name_translations, name_translations_key)
VALUES (5, 'Filutek Club', 'en');
INSERT INTO public.location_name_translations (location_id, name_translations, name_translations_key)
VALUES (6, 'Akropol ', 'pl');
INSERT INTO public.location_name_translations (location_id, name_translations, name_translations_key)
VALUES (6, 'Akropol - Student Dormitory', 'en');
INSERT INTO public.location_name_translations (location_id, name_translations, name_translations_key)
VALUES (7, 'Olimp ', 'pl');
INSERT INTO public.location_name_translations (location_id, name_translations, name_translations_key)
VALUES (7, 'Olimp - Student Dormitory', 'en');
INSERT INTO public.location_name_translations (location_id, name_translations, name_translations_key)
VALUES (8, 'Babilon', 'pl');
INSERT INTO public.location_name_translations (location_id, name_translations, name_translations_key)
VALUES (8, 'Babilon - Student Dormitory', 'en');
INSERT INTO public.location_name_translations (location_id, name_translations, name_translations_key)
VALUES (9, 'Stokrotka', 'pl');
INSERT INTO public.location_name_translations (location_id, name_translations, name_translations_key)
VALUES (9, 'Stokrotka - Student Dormitory', 'en');
INSERT INTO public.location_name_translations (location_id, name_translations, name_translations_key)
VALUES (10, 'Kapitol', 'pl');
INSERT INTO public.location_name_translations (location_id, name_translations, name_translations_key)
VALUES (10, 'Kapitol - Student Dormitory', 'en');
INSERT INTO public.location_name_translations (location_id, name_translations, name_translations_key)
VALUES (11, 'Hajduczek', 'pl');
INSERT INTO public.location_name_translations (location_id, name_translations, name_translations_key)
VALUES (11, 'Hajduczek - Student Dormitory', 'en');
INSERT INTO public.location_name_translations (location_id, name_translations, name_translations_key)
VALUES (12, 'Straszny Dwór', 'pl');
INSERT INTO public.location_name_translations (location_id, name_translations, name_translations_key)
VALUES (12, 'Straszny Dwor - Student Dormitory', 'en');
INSERT INTO public.location_name_translations (location_id, name_translations, name_translations_key)
VALUES (13, 'Omega', 'pl');
INSERT INTO public.location_name_translations (location_id, name_translations, name_translations_key)
VALUES (13, 'Omega - Student Dormitory', 'en');
INSERT INTO public.location_name_translations (location_id, name_translations, name_translations_key)
VALUES (14, 'Sushi 77', 'pl');
INSERT INTO public.location_name_translations (location_id, name_translations, name_translations_key)
VALUES (14, 'Sushi 77', 'en');
INSERT INTO public.location_name_translations (location_id, name_translations, name_translations_key)
VALUES (15, 'Sticky Fingers Pizzeria', 'pl');
INSERT INTO public.location_name_translations (location_id, name_translations, name_translations_key)
VALUES (15, 'Sticky Fingers Pizzeria', 'en');
INSERT INTO public.location_name_translations (location_id, name_translations, name_translations_key)
VALUES (16, 'Restauracja Kavior', 'pl');
INSERT INTO public.location_name_translations (location_id, name_translations, name_translations_key)
VALUES (16, 'Kavior Restaurant', 'en');
INSERT INTO public.location_name_translations (location_id, name_translations, name_translations_key)
VALUES (17, 'Stołówka Studencka "Pod Babilonem"', 'pl');
INSERT INTO public.location_name_translations (location_id, name_translations, name_translations_key)
VALUES (17, 'Student Canteen "Pod Babilonem"', 'en');
INSERT INTO public.location_name_translations (location_id, name_translations, name_translations_key)
VALUES (18, 'Wydział Inżynierii Mechanicznej i Robotyki', 'pl');
INSERT INTO public.location_name_translations (location_id, name_translations, name_translations_key)
VALUES (18, 'Faculty of Mechanical enineering and Robotics', 'en');
INSERT INTO public.location_name_translations (location_id, name_translations, name_translations_key)
VALUES (19, 'Wydział Energetyki i Paliw D4', 'pl');
INSERT INTO public.location_name_translations (location_id, name_translations, name_translations_key)
VALUES (19, 'Faculty of Energy and Fuels D4', 'en');
INSERT INTO public.location_name_translations (location_id, name_translations, name_translations_key)
VALUES (20, 'Centrum Informatyki D-17', 'pl');
INSERT INTO public.location_name_translations (location_id, name_translations, name_translations_key)
VALUES (20, 'Computer Science Center D-17', 'en');
INSERT INTO public.location_name_translations (location_id, name_translations, name_translations_key)
VALUES (21, 'Wydział Matematyki Stosowanej B-7', 'pl');
INSERT INTO public.location_name_translations (location_id, name_translations, name_translations_key)
VALUES (21, 'Faculty of Applied Mathematics B-7', 'en');
INSERT INTO public.location_name_translations (location_id, name_translations, name_translations_key)
VALUES (22, 'Ali Baba Król Kebaba', 'pl');
INSERT INTO public.location_name_translations (location_id, name_translations, name_translations_key)
VALUES (22, 'Ali Baba King of Kebab', 'en');

--offers
INSERT INTO public.offers (id, end_date, image_url, last_modified_date, location_id, start_date, timestamp, website_url)
VALUES (3, '2026-12-24 00:00:00.000000',
        'https://s3.eu-central-1.amazonaws.com/restaumatic-production-pl/uploads/accounts/29971/media_library/0a74eb41-771b-4682-a95c-3b8cd1eefab5.jpg',
        null, 14, '2024-06-23 00:00:00.000000', '2023-06-26 03:04:27.000000', null);
INSERT INTO public.offers (id, end_date, image_url, last_modified_date, location_id, start_date, timestamp, website_url)
VALUES (1, '2023-10-29 12:00:00.000000',
        'https://s3.eu-central-1.amazonaws.com/restaumatic-production-pl/uploads/accounts/29971/media_library/0a74eb41-771b-4682-a95c-3b8cd1eefab5.jpg',
        null, 14, '2023-12-28 00:00:00.000000', '2023-06-26 03:04:26.000000', null);
INSERT INTO public.offers (id, end_date, image_url, last_modified_date, location_id, start_date, timestamp, website_url)
VALUES (2, '2023-07-26 03:04:34.000000',
        'https://restaumatic-production.imgix.net/uploads/accounts/34896/media_library/58026fe4-3591-4d08-9788-e3bc8bae94d2.jpg',
        null, 22, '2024-06-26 03:04:31.000000', '2023-06-26 03:04:24.000000',
        'https://www.facebook.com/p/Ali-Baba-Kebab-Krakow-100075863066447/');
INSERT INTO public.offers (id, end_date, image_url, last_modified_date, location_id, start_date, timestamp, website_url)
VALUES (4, '2024-11-25 21:44:01.000000',
        'https://lh5.googleusercontent.com/p/AF1QipNXKGFx1ZOUKuU4wzW5oH-A569V6bSydtzoNOme=w408-h544-k-no', null, 22,
        '2023-12-25 21:43:54.000000', '2023-11-25 21:44:20.000000',
        'https://www.facebook.com/p/Ali-Baba-Kebab-Krakow-100075863066447/');
INSERT INTO public.offers (id, end_date, image_url, last_modified_date, location_id, start_date, timestamp, website_url)
VALUES (5, '2024-09-25 21:44:03.000000', 'https://restauracjakavior.pl/images/design/home-main-article-f.webp', null,
        16, '2024-11-25 21:43:57.000000', '2023-11-25 21:44:21.000000', 'https://restauracjakavior.pl/');
INSERT INTO public.offers (id, end_date, image_url, last_modified_date, location_id, start_date, timestamp, website_url)
VALUES (6, '2027-06-25 21:44:05.000000', 'https://restauracjakavior.pl/images/design/box-offer-a.webp', null, 16,
        '2024-11-25 21:43:58.000000', '2023-11-25 21:44:22.000000', 'https://restauracjakavior.pl/');

--offer_description_translations
INSERT INTO public.offer_description_translations (offer_id, description_translations, description_translations_key)
VALUES (6, 'Lunch dnia 5 zł taniej dla studentów Wydziału Informatyki.', 'pl');
INSERT INTO public.offer_description_translations (offer_id, description_translations, description_translations_key)
VALUES (4, 'Duży kebab w cenie średniego dla wszystkich studentów AGH.', 'pl');
INSERT INTO public.offer_description_translations (offer_id, description_translations, description_translations_key)
VALUES (2, '-20% on ROLLO kebab for students', 'en');
INSERT INTO public.offer_description_translations (offer_id, description_translations, description_translations_key)
VALUES (6, 'Lunch of the day is PLN 5 cheaper for students of the Faculty of Computer Science.
', 'en');
INSERT INTO public.offer_description_translations (offer_id, description_translations, description_translations_key)
VALUES (3, 'For orders over PLN 100, an additional sushi roll with cucumber is free!', 'en');
INSERT INTO public.offer_description_translations (offer_id, description_translations, description_translations_key)
VALUES (2, '-20% na kebaba ROLLO dla studentów', 'pl');
INSERT INTO public.offer_description_translations (offer_id, description_translations, description_translations_key)
VALUES (1, '-50% on all dishes from the student menu', 'en');
INSERT INTO public.offer_description_translations (offer_id, description_translations, description_translations_key)
VALUES (4, '
A large kebab at the price of a medium kebab for all AGH students.', 'en');
INSERT INTO public.offer_description_translations (offer_id, description_translations, description_translations_key)
VALUES (5, '-50% na wszystkie potrawy w menu dla studentów', 'pl');
INSERT INTO public.offer_description_translations (offer_id, description_translations, description_translations_key)
VALUES (5, '-50% on all dishes from the student menu', 'en');
INSERT INTO public.offer_description_translations (offer_id, description_translations, description_translations_key)
VALUES (1, '-50% na wszystkie potrawy w menu dla studentów', 'pl');
INSERT INTO public.offer_description_translations (offer_id, description_translations, description_translations_key)
VALUES (3, 'Dla zamówień powyżej 100zł dodatkowa rolka sushi z ogórkiem gratis!', 'pl');

--events
INSERT INTO public.events (id, end_date, image_url, last_modified_date, location_id, start_date, timestamp, website_url)
VALUES (1, '2023-12-25 15:00:00.000000', 'https://www.meydanfz.ae/wp-content/uploads/2021/10/Events.png', null, 2,
        '2023-12-25 09:00:00.000000', '2023-11-25 22:00:25.000000', 'https://www.ted.com/');
INSERT INTO public.events (id, end_date, image_url, last_modified_date, location_id, start_date, timestamp, website_url)
VALUES (2, '2024-05-26 00:00:00.000000', 'https://media.krakow.travel/photos/60542/xxl.jpg', null, 1,
        '2024-05-16 00:00:00.000000', '2023-11-25 22:05:44.000000', 'https://www.juwenalia.krakow.pl/');
INSERT INTO public.events (id, end_date, image_url, last_modified_date, location_id, start_date, timestamp, website_url)
VALUES (3, '2025-11-25 22:11:08.000000', 'https://img.taste.com.au/lNnNoTvU/taste/2010/01/sushi-187034-1.jpg', null, 14,
        '2024-11-25 22:11:14.000000', '2023-11-25 22:12:11.000000', 'https://www.77sushi.com/krakow-kawiory');
INSERT INTO public.events (id, end_date, image_url, last_modified_date, location_id, start_date, timestamp, website_url)
VALUES (4, '2024-05-23 03:00:00.000000',
        'https://www.klubstudio.pl/media/cache/event_slider_800/uploads/photo/_0/th-750x500-studio-640b307fe1c05910495534.jpg.webp',
        null, 2, '2024-05-22 00:00:00.000000', '2023-11-25 22:15:34.000000', 'https://www.klubstudio.pl/');
INSERT INTO public.events (id, end_date, image_url, last_modified_date, location_id, start_date, timestamp, website_url)
VALUES (5, '2023-12-28 23:00:00.000000',
        'https://lh3.googleusercontent.com/p/AF1QipOnQwEcFxelehHTuouoSXUdGqX2tXxfy6E2YNhQ=s1360-w1360-h1020', null, 2,
        '2023-12-25 22:00:00.000000', '2023-11-25 22:30:37.000000', 'https://www.informatyka.agh.edu.pl/pl/');
INSERT INTO public.events (id, end_date, image_url, last_modified_date, location_id, start_date, timestamp, website_url)
VALUES (6, '2024-05-18 05:00:00.000000',
        'https://encrypted-tbn3.gstatic.com/images?q=tbn:ANd9GcRfQkCwON86vHsmNM-v3JhQx350VsZuikAWfTmBU0BMxkDVvGLJ',
        null, 2, '2024-05-17 22:00:00.000000', '2023-11-25 22:37:45.000000', 'https://www.klubstudio.pl/');
INSERT INTO public.events (id, end_date, image_url, last_modified_date, location_id, start_date, timestamp, website_url)
VALUES (7, '2023-07-28 04:00:00.000000',
        'https://www.miasteczko.agh.edu.pl/uploads/images/Gallery/zycie/wiecz%C3%B3r%20podczas%20projektu%20PIWO.jpg',
        null, 1, '2024-07-27 12:00:00.000000', '2023-11-25 22:41:17.000000',
        'https://www.miasteczko.agh.edu.pl/o-nas.html');

--event_title_translations
INSERT INTO public.event_title_translations (event_id, title_translations, title_translations_key)
VALUES (1, 'TED Talk AGH', 'pl');
INSERT INTO public.event_title_translations (event_id, title_translations, title_translations_key)
VALUES (1, 'TED Talk AGH', 'en');
INSERT INTO public.event_title_translations (event_id, title_translations, title_translations_key)
VALUES (2, 'Juwenalia AGH', 'pl');
INSERT INTO public.event_title_translations (event_id, title_translations, title_translations_key)
VALUES (2, 'Juwenalia AGH', 'en');
INSERT INTO public.event_title_translations (event_id, title_translations, title_translations_key)
VALUES (3, 'Dzień ryby', 'pl');
INSERT INTO public.event_title_translations (event_id, title_translations, title_translations_key)
VALUES (3, 'Fish day', 'en');
INSERT INTO public.event_title_translations (event_id, title_translations, title_translations_key)
VALUES (4, 'Tokio Hotel BEYOND THE WORLD TOUR 2023', 'pl');
INSERT INTO public.event_title_translations (event_id, title_translations, title_translations_key)
VALUES (4, 'Tokio Hotel BEYOND THE WORLD TOUR 2023', 'en');
INSERT INTO public.event_title_translations (event_id, title_translations, title_translations_key)
VALUES (5, 'Wydziałówka WI', 'pl');
INSERT INTO public.event_title_translations (event_id, title_translations, title_translations_key)
VALUES (5, 'Party of the Faculty of Computer Science', 'en');
INSERT INTO public.event_title_translations (event_id, title_translations, title_translations_key)
VALUES (6, 'JUWENALIOWE DISCO WITH THE STARS', 'pl');
INSERT INTO public.event_title_translations (event_id, title_translations, title_translations_key)
VALUES (6, 'JUWENALIOWE DISCO WITH THE STARS', 'en');
INSERT INTO public.event_title_translations (event_id, title_translations, title_translations_key)
VALUES (7, 'Studencki Czwartek', 'pl');
INSERT INTO public.event_title_translations (event_id, title_translations, title_translations_key)
VALUES (7, 'Student Thursday', 'en');

--event_description_translations
INSERT INTO public.event_description_translations (event_id, description_translations, description_translations_key)
VALUES (1, 'TED – marka konferencji naukowych organizowanych corocznie przez amerykańską fundację non-profit Sapling Foundation. Celem konferencji jest popularyzacja – jak głosi motto – „idei wartych propagowania”.
Tym razem pojawią się na AGH! Serdecznie zapraszamy.', 'pl');
INSERT INTO public.event_description_translations (event_id, description_translations, description_translations_key)
VALUES (1, 'TED Conferences is an American-Canadian non-profit media organization that posts international talks online for free distribution under the slogan "ideas worth spreading".
This time they will appear at AGH! We cordially invite you!', 'en');
INSERT INTO public.event_description_translations (event_id, description_translations, description_translations_key)
VALUES (2, 'Jedna z największych imprez muzycznych  w stolicy Małopolski.  W 2024 odbędą się one w dniach 16-26 maja.
Na 4 strefach rozrzuconych po Krakowie studenci będą mieli okazję do usłyszenia swoich ulubionych artystów na żywo, rywalizacji podczas różnych konku',
        'pl');
INSERT INTO public.event_description_translations (event_id, description_translations, description_translations_key)
VALUES (2, 'One of the largest music events in the capital of Małopolska. In 2024, they will be held on May 16-26.
In 4 zones scattered around Krakow, students will have the opportunity to hear their favorite artists live, compete in various sports competitions, or i',
        'en');
INSERT INTO public.event_description_translations (event_id, description_translations, description_translations_key)
VALUES (3, 'Rozmaite gatunki egzotycznych ryb tylko u nas. Zapraszamy!', 'pl');
INSERT INTO public.event_description_translations (event_id, description_translations, description_translations_key)
VALUES (3, 'Various species of exotic fish only here. We invite you!', 'en');
INSERT INTO public.event_description_translations (event_id, description_translations, description_translations_key)
VALUES (4,
        'Już 22 maja na jedynym koncercie w Polsce wystąpi niemiecka grupa Tokio Hotel. Ze względów logistycznych koncert ten odbędzie się w innym miejscu, zamiast w katowickim MCKu zespół zagra w krakowskim Klubie Studio. Przepraszamy za wszelkie niedogodności wynikające ze zmiany lokalizacji koncertu i jednocześnie informujemy, że wszystkie bilety zakupione na koncert, który pierwotnie miał odbyć się w 2021 roku, a także w nowym terminie w 2022 i 2023 w katowickim MCKu, zachowują swoją ważność na występ zespołu w krakowskim Klubie Studio. Osoby, które z różnych przyczyn będą chciały zwrócić bilet na to wydarzenie, będą mogły to uczynić w punktach, w których taki bilet zakupiły.',
        'pl');
INSERT INTO public.event_description_translations (event_id, description_translations, description_translations_key)
VALUES (4,
        'On May 22, the German group Tokio Hotel will perform their only concert in Poland. Due to logistical reasons, this concert will take place in a different place; instead of the MCK in Katowice, the band will play in the Studio Club in Krakow. We apologize for any inconvenience caused by the change of location of the concert and at the same time we would like to inform you that all tickets purchased for the concert, which was originally supposed to take place in 2021, as well as on the new dates in 2022 and 2023 at the MCK in Katowice, remain valid for the band''s performance in Krakow. Studio Club. People who, for various reasons, want to return a ticket for this event will be able to do so at the points where they purchased the ticket.',
        'en');
INSERT INTO public.event_description_translations (event_id, description_translations, description_translations_key)
VALUES (5,
        'Zapraszamy wszystkich na imprezową noc! Wydziałówka WI to coś na co wszyscy czekają! Tej nocy dobrą zabawę zapewni nam DJ antybiotyk!',
        'pl');
INSERT INTO public.event_description_translations (event_id, description_translations, description_translations_key)
VALUES (5,
        'We invite everyone to a party night! Party of the Faculty of Computer Science is something everyone is waiting for! DJ Antibiotic will provide us with great fun that night!',
        'en');
INSERT INTO public.event_description_translations (event_id, description_translations, description_translations_key)
VALUES (6,
        'Po występach Juwenaliowych 17 maja zapraszamy Was na jedyne i niepowtarzalne afterparty, czyli ✨ JUWENALIOWE DISCO WITH THE STARS ✨ w Klubie Studio Jego główną gwiazdą będzie Gromee! 😎',
        'pl');
INSERT INTO public.event_description_translations (event_id, description_translations, description_translations_key)
VALUES (6,
        'After the Juwenalia performances on May 17, we invite you to a unique afterparty, i.e. the ✨ JUWENALIOWE DISCO WITH THE STARS ✨ at the Studio Club. Its main star will be Gromee! 😎',
        'en');
INSERT INTO public.event_description_translations (event_id, description_translations, description_translations_key)
VALUES (7,
        'W najbliższy czwartek zapraszamy wszystkich studentów na miasteczko AGH. Szykuje się niezapomniane wydarzenie, a świetną zabawę dostarczać będzie uwielbiana przez studentów Beata Kozidrak!Nie może was tam zabraknąć!',
        'pl');
INSERT INTO public.event_description_translations (event_id, description_translations, description_translations_key)
VALUES (7,
        'This Thursday we invite all students to the AGH campus. An unforgettable event is coming up, and Beata Kozidrak, beloved by students, will provide great fun!You can''t miss it!',
        'en');

--information
INSERT INTO public.information (id, timestamp)
VALUES (1, '2023-11-25 19:47:41.000000');
INSERT INTO public.information (id, timestamp)
VALUES (2, '2023-11-25 19:47:43.000000');
INSERT INTO public.information (id, timestamp)
VALUES (3, '2023-11-25 19:48:38.000000');

--information_content_translations
INSERT INTO public.information_content_translations (information_id, content_translations, content_translations_key)
VALUES (1, 'W dniach 2 i 3 listopada godziny rektorskie od godziny 08:00.', 'pl');
INSERT INTO public.information_content_translations (information_id, content_translations, content_translations_key)
VALUES (1, 'On November 2 and 3, the rector''s hours are from 08:00.', 'en');
INSERT INTO public.information_content_translations (information_id, content_translations, content_translations_key)
VALUES (2,
        'Nabór wniosków o przyznanie stypendium za wysoką średnią ocen w minionym semestrze potrwa do 30 listopada. Więcej informacji na platformie USOS.',
        'pl');
INSERT INTO public.information_content_translations (information_id, content_translations, content_translations_key)
VALUES (2,
        'The call for applications for a scholarship for a high average grade in the past semester will last until November 30. More information on the USOS platform.',
        'en');
INSERT INTO public.information_content_translations (information_id, content_translations, content_translations_key)
VALUES (3, 'W dniach 04.12.23 - 06.01.24 przy ulicy Witolda Budryka 2 obok akademika Kapitol będzie przeprowadzany remont parkingu. Z tego powodu dostępność miejsc parkingowych będzie ograniczona.
Za wszelkie niedogodności przepraszamy.', 'pl');
INSERT INTO public.information_content_translations (information_id, content_translations, content_translations_key)
VALUES (3, 'From 04/12/23 to 06/01/24, the parking lot will be renovated at 2 Witolda Budryka Street, next to the Kapitol dormitory. Due to this, parking availability will be limited.
We apologize for any inconvenience.', 'en');

--information_title_translations
INSERT INTO public.information_title_translations (information_id, title_translations, title_translations_key)
VALUES (2, 'Stypendium za wysoką średnią ocen', 'pl');
INSERT INTO public.information_title_translations (information_id, title_translations, title_translations_key)
VALUES (1, 'Godziny rektorskie', 'pl');
INSERT INTO public.information_title_translations (information_id, title_translations, title_translations_key)
VALUES (1, 'Rector''s hours', 'en');
INSERT INTO public.information_title_translations (information_id, title_translations, title_translations_key)
VALUES (2, 'Scholarship for high grade average', 'en');
INSERT INTO public.information_title_translations (information_id, title_translations, title_translations_key)
VALUES (3, 'Remont parkingu przy akademiku Kapitol', 'pl');
INSERT INTO public.information_title_translations (information_id, title_translations, title_translations_key)
VALUES (3, 'Parking lot renovation next to Kapitol dormitory.', 'en');

--roles
INSERT INTO public.roles (id, authority)
VALUES (1, 'ADMIN');
INSERT INTO public.roles (id, authority)
VALUES (2, 'USER');
INSERT INTO public.roles (id, authority)
VALUES (3, 'UNIVERSITY');
INSERT INTO public.roles (id, authority)
VALUES (4, 'OWNER');

--users
INSERT INTO public.users(id, enabled, nickname, password, username)
VALUES (1, true, 'Admin', '$2a$10$SYW1g5cXvoBg4fHL9HttPuGaRIwr480m25FKA/Zw1iyQ67vuClJWK', 'admin@agh.edu.pl');
INSERT INTO public.users(id, enabled, nickname, password, username)
VALUES (2, true, 'Roman', '$2a$10$SYW1g5cXvoBg4fHL9HttPuGaRIwr480m25FKA/Zw1iyQ67vuClJWK', 'roman@agh.edu.pl');

--users_roles
INSERT INTO public.users_roles(user_id, role_id)
VALUES (2, 3);

--users_roles
INSERT INTO public.roles_locations(role_id, location_id)
VALUES (3, 1);
INSERT INTO public.roles_locations(role_id, location_id)
VALUES (3, 18);
INSERT INTO public.roles_locations(role_id, location_id)
VALUES (3, 21);
INSERT INTO public.roles_locations(role_id, location_id)
VALUES (3, 10);
INSERT INTO public.roles_locations(role_id, location_id)
VALUES (3, 8);
INSERT INTO public.roles_locations(role_id, location_id)
VALUES (3, 9);
INSERT INTO public.roles_locations(role_id, location_id)
VALUES (3, 13);
INSERT INTO public.roles_locations(role_id, location_id)
VALUES (3, 12);
INSERT INTO public.roles_locations(role_id, location_id)
VALUES (3, 11);
INSERT INTO public.roles_locations(role_id, location_id)
VALUES (3, 7);

--private_events
INSERT INTO public.private_events (id, description, end_date, image_url, last_modified_date, latitude, longitude,
                                   start_date, timestamp, title)
VALUES (1, 'Grill dla wszystkich :) zapraszam!', null,
        'https://f01.esfr.pl/files/storage/article/photo/47/eb/bb/643c994461a6e078127069bde2/shutterstock_1722079528%20(5).png',
        null, 50.06871, 19.90623, '2024-05-26 12:00:00.000000', '2023-11-26 01:13:43.000000', 'grillowanie :)');
INSERT INTO public.private_events (id, description, end_date, image_url, last_modified_date, latitude, longitude,
                                   start_date, timestamp, title)
VALUES (2, 'Zapraszam wszystkich chętnych do zagrania w piłkę na orliku. Obowiązuje strój sportowy :))',
        '2023-11-26 14:00:00.000000', null, null, 50.06816, 19.90444, '2023-11-26 12:15:00.000000',
        '2023-11-26 01:16:11.000000', 'Mecz na orliku.');